{
    "best_params": {
        "hidden_size": 212,
        "learning_rate": 0.00044618390130149167,
        "weight_decay": 0.000571959376450477
    },
    "metrics": {
        "accuracy": 0.75,
        "macro_precision": 0.4689107059373539,
        "macro_recall": 0.5015873015873016,
        "macro_f1": 0.4846000993541977,
        "confusion_matrix": [
            [
                57,
                6,
                0
            ],
            [
                12,
                18,
                0
            ],
            [
                0,
                7,
                0
            ]
        ],
        "class_precision": {
            "0": 0.8260869565217391,
            "1": 0.5806451612903226,
            "2": 0
        },
        "class_recall": {
            "0": 0.9047619047619048,
            "1": 0.6,
            "2": 0.0
        },
        "class_f1": {
            "0": 0.8636363636363636,
            "1": 0.5901639344262295,
            "2": 0
        }
    },
    "training_history": {
        "train_loss": [
            1.0477489233016968,
            0.8917522728443146,
            0.7681471645832062,
            0.6823747336864472,
            0.6197036862373352,
            0.5529959678649903,
            0.5401961892843247,
            0.4586103707551956,
            0.41837946474552157,
            0.4056712716817856
        ],
        "val_loss": [
            0.9621623456478119,
            0.8546717017889023,
            0.7707276791334152,
            0.6978124678134918,
            0.6310511827468872,
            0.5703907981514931,
            0.5213713943958282,
            0.4842934235930443,
            0.4579188600182533,
            0.43927643448114395
        ],
        "val_accuracy": [
            0.63,
            0.64,
            0.65,
            0.68,
            0.78,
            0.79,
            0.81,
            0.83,
            0.83,
            0.83
        ]
    }
}