{
    "accuracy": 0.825,
    "precision_macro": 0.8106179971988796,
    "recall_macro": 0.7758082497212931,
    "f1_macro": 0.7914426053960938,
    "precision_weighted": 0.8235458245798319,
    "recall_weighted": 0.825,
    "f1_weighted": 0.8236084922131433,
    "precision_class_0": 0.8739495798319328,
    "recall_class_0": 0.9043478260869565,
    "f1_class_0": 0.8888888888888888,
    "precision_class_1": 0.734375,
    "recall_class_1": 0.7230769230769231,
    "f1_class_1": 0.7286821705426356,
    "precision_class_2": 0.8235294117647058,
    "recall_class_2": 0.7,
    "f1_class_2": 0.7567567567567568,
    "confusion_matrix": [
        [
            104,
            11,
            0
        ],
        [
            15,
            47,
            3
        ],
        [
            0,
            6,
            14
        ]
    ]
}