{
    "accuracy": 0.8566666666666667,
    "precision_macro": 0.8636548636548635,
    "recall_macro": 0.8219514387478792,
    "f1_macro": 0.8406602402734288,
    "precision_weighted": 0.8563308913308912,
    "recall_weighted": 0.8566666666666667,
    "f1_weighted": 0.8555357033216675,
    "precision_class_0": 0.8846153846153846,
    "recall_class_0": 0.9252873563218391,
    "f1_class_0": 0.9044943820224719,
    "precision_class_1": 0.7777777777777778,
    "recall_class_1": 0.7526881720430108,
    "f1_class_1": 0.7650273224043715,
    "precision_class_2": 0.9285714285714286,
    "recall_class_2": 0.7878787878787878,
    "f1_class_2": 0.8524590163934426,
    "confusion_matrix": [
        [
            161,
            13,
            0
        ],
        [
            21,
            70,
            2
        ],
        [
            0,
            7,
            26
        ]
    ]
}